{
  "LOC": {
    "precision": 0.9286570743405276,
    "recall": 0.9297719087635054,
    "f1": 0.9292141571685664,
    "number": 1666
  },
  "MISC": {
    "precision": 0.7811217510259918,
    "recall": 0.8133903133903134,
    "f1": 0.7969295184926728,
    "number": 702
  },
  "ORG": {
    "precision": 0.8952380952380953,
    "recall": 0.9054786273329319,
    "f1": 0.9003292427416941,
    "number": 1661
  },
  "PER": {
    "precision": 0.9485609308022045,
    "recall": 0.9591331269349845,
    "f1": 0.9538177339901477,
    "number": 1615
  },
  "overall_precision": 0.9056372549019608,
  "overall_recall": 0.9165485471296952,
  "overall_f1": 0.911060232476224,
  "overall_accuracy": 0.9824417777969279
}